"SecurityTermWeekYear","SecurityTermDayMonth","SecurityType","CUSIP","AnnouncementDate","AuctionDate","IssueDate","MaturityDate","OfferingAmount","CompetitiveTenderAccepted","NonCompetitiveTenderAccepted","TreasuryDirectTenderAccepted","TypeOfAuction","CompetitiveClosingTime","NonCompetitiveClosingTime","NetLongPositionReport","MaxAward","MaxSingleBid","CompetitiveBidDecimals","CompetitiveBidIncrement","AllocationPercentageDecimals","MinBidAmount","MultiplesToBid","MinToIssue","MultiplesToIssue","MatureSecurityAmount","CurrentlyOutstanding","SOMAIncluded","SOMAHoldings","MaturingDate","FIMAIncluded","Series","InterestRate","Spread","FirstInterestPaymentDate","StandardInterestPayment","FrequencyInterestPayment","StrippableIndicator","MinStripAmount","CorpusCUSIP","TINTCUSIP1","TINTCUSIP2","ReOpeningIndicator","OriginalIssueDate","BackDated","BackDatedDate","LongShortNormalCoupon","LongShortCouponFirstIntPmt","InflationIndexSecurity","FloatingRate","RefCPIIssueDate","RefCPIDatedDate","IndexRatioOnIssueDate","CPIBasePeriod","TIINConversionFactor","AccruedInterest","DatedDate","AnnouncedCUSIP","UnadjustedPrice","UnadjustedAccruedInterest","AnnouncementPDFName","OriginalDatedDate","AdjustedAmountCurrentlyOutstanding","NLPExclusionAmount","MaximumNonCompAward","AdjustedAccruedInterest","Callable","CallDate","PrimaryDealerTendered","PrimaryDealerAccepted","DirectBidderTendered","DirectBidderAccepted","IndirectBidderTendered","IndirectBidderAccepted","CompetitiveTendered","CompetitiveAccepted","NonCompetitiveAccepted","SOMATendered","SOMAAccepted","FIMATendered","FIMAAccepted","TotalTendered","TotalAccepted","BidToCoverRatio","ReleaseTime","AmountAcceptedBelowLowRate","HighAllocationPercentage","LowDiscountRate","HighDiscountRate","MedianDiscountRate","LowYield","HighYield","MedianYield","LowDiscountMargin","HighDiscountMargin","MedianDiscountMargin","LowPrice","HighPrice","MedianPrice","OriginalCUSIP","TreasuryDirectAccepted","InvestmentRate","AdjustedPrice","IndexRatio","FRNIndexDeterminationDate","FRNIndexDeterminationRate","ResultsPDFName","AllTenderAccepted","ScheduledPurchasesInTD"
"2-YEAR","0-MONTH","NOTE","9128283N8","2017-12-21","2017-12-26","2018-01-02","2019-12-31","26.0","Y","Y","Y","SINGLE PRICE","13:00","12:00","9100000000.0","9100000000","9100000000","3","0.001","2","100","100","100","100","73948000000.0","","N","17504000000.0","2017-12-31","Y","BL-2019","1.875","","2018-06-30","9.375","SEMI-ANNUAL","Y","100","9128204B0","","","N","","Y","2017-12-31","N","","N","N","","","","","","0.10359","2017-12-31","","","","A_20171221_2.pdf","","","0.0","5000000.0","","N","","49270000000","11703600000","4587165000","3740265000","11264565000","10283965000","65121730000","25727830000","172196700","3398793000","3398793000","100000000","100000000","68792719700","29398819700","2.52","13:02","5","82.48","","","","1.800","1.922","1.900","","","","","99.908366","","","98595700","","","","","","R_20171226_3.pdf",NA,NA
"2-YEAR","0-MONTH","NOTE","9128283H1","2017-11-22","2017-11-27","2017-11-30","2019-11-30","26.0","Y","Y","Y","SINGLE PRICE","11:30","11:00","9100000000.0","9100000000","9100000000","3","0.001","2","100","100","100","100","83274000000.0","","N","7869000000.0","2017-11-30","Y","BK-2019","1.750","","2018-05-31","8.750","SEMI-ANNUAL","Y","100","9128203X3","","","N","","N","","N","","N","N","","","","","","","2017-11-30","","","","A_20171122_1.pdf","","","0.0","5000000.0","","N","","51688000000","10571886000","6115000000","4365000000","12741540000","10750879500","70544540000","25687765500","212308700","1410880300","1410880300","100000000","100000000","72267729000","27410954500","2.73","11:32","5","97.93","","","","1.650","1.765","1.750","","","","","99.970650","","","122930700","","","","","","R_20171127_2.pdf",NA,NA
"2-YEAR","0-MONTH","NOTE","912828F62","2017-10-19","2017-10-24","2017-10-31","2019-10-31","26.0","Y","Y","Y","SINGLE PRICE","13:00","12:00","9100000000.0","9100000000","9100000000","3","0.001","2","100","100","100","100","122888000000.0","","N","8701000000.0","2017-10-31","Y","AE-2019","1.500","","2018-04-30","7.500","SEMI-ANNUAL","Y","100","912820R25","","","Y","2014-10-31","N","","N","","N","N","","","","","","","2017-10-31","9128283A6","","","A_20171019_2.pdf","2014-10-31","","0.0","5000000.0","","N","","51637000000","9714935000","5864000000","3645625000","13516800000","12410050000","71017800000","25770610000","129470200","650356100","650356100","100000000","100000000","71897626300","26650436300","2.74","13:04","5","82.65","","","","1.480","1.596","1.550","","","","","99.811770","","9128283A6","56300200","","","","","","R_20171024_2.pdf",NA,NA
"2-YEAR","0-MONTH","NOTE","9128282X7","2017-09-21","2017-09-26","2017-10-02","2019-09-30","26.0","Y","Y","Y","SINGLE PRICE","13:00","12:00","9100000000.0","9100000000","9100000000","3","0.001","2","100","100","100","100","79967000000.0","","N","10947000000.0","2017-09-30","Y","BG-2019","1.375","","2018-03-31","6.875","SEMI-ANNUAL","Y","100","9128203N5","","","N","","Y","2017-09-30","N","","N","N","","","","","","0.07555","2017-09-30","","","","A_20170921_2.pdf","","","0.0","5000000.0","","N","","52429000000","9490800000","8172000000","4907600000","14050800000","11383200000","74651800000","25781600000","118659600","3234231900","3234231900","100000000","100000000","78104691500","29234491500","2.88","13:02","5","45.60","","","","1.345","1.462","1.439","","","","","99.829541","","","36235600","","","","","","R_20170926_2.pdf",NA,NA
"2-YEAR","0-MONTH","NOTE","9128282T6","2017-08-24","2017-08-28","2017-08-31","2019-08-31","26.0","Y","Y","Y","SINGLE PRICE","11:30","11:00","9100000000.0","9100000000","9100000000","3","0.001","2","100","100","100","100","87508000000.0","","N","3197000000.0","2017-08-31","Y","BF-2019","1.250","","2018-02-28","6.250","SEMI-ANNUAL","Y","100","9128203J4","","","N","","N","","N","","N","N","","","","","","","2017-08-31","","","","A_20170824_1.pdf","","","0.0","5000000.0","","N","","48263000000","10738140000","4740000000","3240000000","21051275000","11810500000","74054275000","25788640000","111428700","814931100","814931100","100000000","100000000","75080634800","26814999800","2.86","11:31","5","1.69","","","","1.188","1.345","1.300","","","","","99.813152","","","47952700","","","","","","R_20170828_1.pdf",NA,NA
"2-YEAR","0-MONTH","NOTE","9128282K5","2017-07-20","2017-07-25","2017-07-31","2019-07-31","26.0","Y","Y","Y","SINGLE PRICE","13:00","12:00","9100000000.0","9100000000","9100000000","3","0.001","2","100","100","100","100","120158000000.0","","N","11794000000.0","2017-07-31","Y","BD-2019","1.375","","2018-01-31","6.875","SEMI-ANNUAL","Y","100","9128207Q4","","","N","","N","","N","","N","N","","","","","","","2017-07-31","","","","A_20170720_4.pdf","","","0.0","5000000.0","","N","","51183000000","6335781500","6244000000","4347150000","21773805000","15033805000","79200805000","25716736500","183283900","2643540300","2643540300","100000000","100000000","82127629200","28643560700","3.06","13:01","5","78.21","","","","1.188","1.395","1.340","","","","","99.960688","","","105184900","","","","","","R_20170725_2.pdf",NA,NA
"2-YEAR","0-MONTH","NOTE","912828XV7","2017-06-22","2017-06-26","2017-06-30","2019-06-30","26.0","Y","Y","Y","SINGLE PRICE","13:00","12:00","9100000000.0","9100000000","9100000000","3","0.001","2","100","100","100","100","79364000000.0","","N","12885000000.0","2017-06-30","Y","BC-2019","1.250","","2017-12-31","6.250","SEMI-ANNUAL","Y","100","9128207K7","","","N","","N","","N","","N","N","","","","","","","2017-06-30","","","","A_20170622_4.pdf","","","0.0","5000000.0","","N","","50612000000","6440040000","7220000000","4720000000","20696404900","14563804900","78528404900","25723844900","176234400","3160424300","3160424300","100000000","100000000","81965063600","29160503600","3.03","13:01","5","14.88","","","","1.188","1.348","1.300","","","","","99.807259","","","77825400","","","","","","R_20170626_3.pdf",NA,NA
"2-YEAR","0-MONTH","NOTE","912828XS4","2017-05-18","2017-05-23","2017-05-31","2019-05-31","26.0","Y","Y","Y","SINGLE PRICE","13:00","12:00","9100000000.0","9100000000","9100000000","3","0.001","2","100","100","100","100","80756000000.0","","N","11910000000.0","2017-05-31","Y","BB-2019","1.250","","2017-11-30","6.250","SEMI-ANNUAL","Y","100","9128207F8","","","N","","N","","N","","N","N","","","","","","","2017-05-31","","","","A_20170518_5.pdf","","","0.0","5000000.0","","N","","50850400000","7848100000","7217000000","3197000000","17204335000","14731362000","75271735000","25776462000","123580600","3127905400","3127905400","100000000","100000000","78623221000","29127948000","2.90","13:01","5","49.14","","","","0.888","1.316","1.260","","","","","99.870143","","","36521600","","","","","","R_20170523_3.pdf",NA,NA
"2-YEAR","0-MONTH","NOTE","912828ST8","2017-04-20","2017-04-25","2017-05-01","2019-04-30","26.0","Y","Y","Y","SINGLE PRICE","13:00","12:00","9100000000.0","9100000000","9100000000","3","0.001","2","100","100","100","100","121706000000.0","","N","14058000000.0","2017-04-30","Y","K-2019","1.250","","2017-10-31","6.250","SEMI-ANNUAL","Y","100","912820D87","","","Y","2012-04-30","Y","2017-04-30","N","","N","N","","","","","","0.03397","2017-04-30","912828X62","","","A_20170420_5.pdf","2012-04-30","","0.0","5000000.0","","N","","52858000000","7629348000","4711000000","2941000000","16332755000","15159755000","73901755000","25730103000","169962300","3548611100","3548611100","100000000","100000000","77720328400","29548676400","2.85","13:02","5","4.61","","","","0.888","1.280","1.220","","","","","99.941005","","912828X62","96863300","","","","","","R_20170425_3.pdf",NA,NA
"2-YEAR","0-MONTH","NOTE","912828W97","2017-03-23","2017-03-27","2017-03-31","2019-03-31","26.0","Y","Y","Y","SINGLE PRICE","13:00","12:00","9100000000.0","9100000000","9100000000","3","0.001","2","100","100","100","100","81354000000.0","","N","13559000000.0","2017-03-31","Y","AY-2019","1.250","","2017-09-30","6.250","SEMI-ANNUAL","Y","100","9128206U6","","","N","","N","","N","","N","N","","","","","","","2017-03-31","","","","A_20170323_3.pdf","","","0.0","5000000.0","","N","","52185000000","9174612500","4268000000","2768000000","14164400000","13785400000","70617400000","25728012500","165320800","3147708100","3147708100","106700000","106700000","74037128900","29147741400","2.73","","5","85.23","","","","1.140","1.261","1.200","","","","","99.978342","","","98718800","","","","","","R_20170327_3.pdf",NA,NA
"2-YEAR","0-MONTH","NOTE","912828W30","2017-02-16","2017-02-21","2017-02-28","2019-02-28","26.0","Y","Y","Y","SINGLE PRICE","13:00","12:00","9100000000.0","9100000000","9100000000","3","0.001","2","100","100","100","100","81108000000.0","","N","13175000000.0","2017-02-28","Y","AX-2019","1.125","","2017-08-31","5.625","SEMI-ANNUAL","Y","100","9128206Q5","","","N","","N","","N","","N","N","","","","","","","2017-02-28","","","","A_20170216_2.pdf","","","0.0","5000000.0","","N","","53188000000","7784400000","6415000000","5190000000","13533900000","12863740000","73136900000","25838140000","161871500","3605863300","3605863300","0","0","76904634800","29605874800","2.82","","5","9.92","","","","0.888","1.230","1.190","","","","","99.793189","","","90173500","","","","","","R_20170221_3.pdf",NA,NA
"2-YEAR","0-MONTH","NOTE","912828V56","2017-01-19","2017-01-24","2017-01-31","2019-01-31","26.0","Y","Y","Y","SINGLE PRICE","13:00","12:00","9100000000.0","9100000000","9100000000","3","0.001","2","100","100","100","100","127824000000.0","","N","7356000000.0","2017-01-31","Y","AV-2019","1.125","","2017-07-31","5.625","SEMI-ANNUAL","Y","100","9128206K8","","","N","","N","","N","","N","N","","","","","","","2017-01-31","","","","A_20170119_3.pdf","","","0.0","5000000.0","","N","","52930000000","10822100000","4031100000","2406100000","12622200000","12618471000","69583300000","25846671000","153408800","1648772700","1648772700","0","0","71385481500","27648852500","2.68","","5","62.71","","","","0.888","1.210","1.150","","","","","99.832540","","","81501900","","","","","","R_20170124_2.pdf",NA,NA
"2-YEAR","0-MONTH","NOTE","912828U99","2016-12-22","2016-12-27","2017-01-03","2018-12-31","26.0","Y","Y","Y","SINGLE PRICE","13:00","12:00","9100000000.0","9100000000","9100000000","3","0.001","2","100","100","100","100","84379000000.0","","N","11702000000.0","2016-12-31","Y","BL-2018","1.250","","2017-06-30","6.250","SEMI-ANNUAL","Y","100","9128206D4","","","N","","Y","2016-12-31","N","","N","N","","","","","","0.10359","2016-12-31","","","","A_20161222_4.pdf","","","0.0","5000000.0","","N","","49925000000","14976848000","3454000000","2394440000","9795335000","8454935000","63174335000","25826223000","173824400","3457357000","3457357000","0","0","66805516400","29457404400","2.44","","5","53.92","","","","1.100","1.280","1.252","","","","","99.941124","","","77211400","","","","","","R_20161227_4.pdf",NA,NA
"2-YEAR","0-MONTH","NOTE","912828U40","2016-11-17","2016-11-21","2016-11-30","2018-11-30","26.0","Y","Y","Y","SINGLE PRICE","13:00","12:00","9100000000.0","9100000000","9100000000","3","0.001","2","100","100","100","100","87010000000.0","","N","10537000000.0","2016-11-30","Y","BK-2018","1.000","","2017-05-31","5.000","SEMI-ANNUAL","Y","100","9128205Z6","","","N","","N","","N","","N","N","","","","","","","2016-11-30","","","","A_20161117_5.pdf","","","0.0","5000000.0","","N","","54042400000","13121590000","6132000000","3471600000","10715030000","9252212500","70889430000","25845402500","154824700","2767228700","2767228700","0","0","73811483400","28767455900","2.73","","5","44.73","","","","0.888","1.085","1.050","","","","","99.832281","","","78320700","","","","","","R_20161121_3.pdf",NA,NA
"2-YEAR","0-MONTH","NOTE","912828T83","2016-10-20","2016-10-25","2016-10-31","2018-10-31","26.0","Y","Y","Y","SINGLE PRICE","13:00","12:00","9100000000.0","9100000000","9100000000","3","0.001","2","100","100","100","100","131557000000.0","","N","6529000000.0","2016-10-31","Y","BH-2018","0.750","","2017-04-30","3.750","SEMI-ANNUAL","Y","100","9128205U7","","","N","","N","","N","","N","N","","","","","","","2016-10-31","","","","A_20161020_5.pdf","","","0.0","5000000.0","","N","","51964000000","14507789600","4214000000","2602780000","9498689000","8705615000","65676689000","25816184600","183887800","1571797000","1571797000","0","0","67432373800","27571869400","2.53","","5","28.78","","","","0.750","0.855","0.829","","","","","99.792225","","","97404800","","","","","","R_20161025_2.pdf",NA,NA
"2-YEAR","0-MONTH","NOTE","912828T42","2016-09-22","2016-09-26","2016-09-30","2018-09-30","26.0","Y","Y","Y","SINGLE PRICE","13:00","12:00","9100000000.0","9100000000","9100000000","3","0.001","2","100","100","100","100","87776000000.0","","N","6827000000.0","2016-09-30","Y","BG-2018","0.750","","2017-03-31","3.750","SEMI-ANNUAL","Y","100","9128205Q6","","","N","","N","","N","","N","N","","","","","","","2016-09-30","","","","A_20160922_4.pdf","","","0.0","5000000.0","","N","","52083200000","11459237500","6757000000","4898250000","9950650000","9468490000","68790850000","25825977500","174197100","1584917700","1584917700","0","0","70549964800","27585092300","2.65","","5","98.65","","","","0.650","0.750","0.725","","","","","100.000000","","","93136100","","","","","","R_20160926_3.pdf",NA,NA
"2-YEAR","0-MONTH","NOTE","9128282C3","2016-08-18","2016-08-23","2016-08-31","2018-08-31","26.0","Y","Y","Y","SINGLE PRICE","13:00","12:00","9100000000.0","9100000000","9100000000","3","0.001","2","100","100","100","100","86934000000.0","","N","6976000000.0","2016-08-31","Y","BF-2018","0.750","","2017-02-28","3.750","SEMI-ANNUAL","Y","100","9128205L7","","","N","","N","","N","","N","N","","","","","","","2016-08-31","","","","A_20160818_6.pdf","","","0.0","5000000.0","","N","","50023000000","7492210000","9294000000","6498400000","14106000000","11831165000","73423000000","25821775000","178336300","1778095100","1778095100","0","0","75379431400","27778206400","2.83","","5","80.11","","","","0.650","0.760","0.710","","","","","99.980189","","","92231300","","","","","","R_20160823_2.pdf",NA,NA
"2-YEAR","0-MONTH","NOTE","912828S68","2016-07-21","2016-07-25","2016-08-01","2018-07-31","26.0","Y","Y","Y","SINGLE PRICE","13:00","12:00","9100000000.0","9100000000","9100000000","3","0.001","2","100","100","100","100","127559000000.0","","N","7193000000.0","2016-07-31","Y","BD-2018","0.750","","2017-01-31","3.750","SEMI-ANNUAL","Y","100","9128203B1","","","N","","Y","2016-07-31","N","","N","N","","","","","","0.02038","2016-07-31","","","","A_20160721_1.pdf","","","0.0","5000000.0","","N","","53470000000","15442960000","4168000000","2668000000","7716250000","7716250000","65354250000","25827210000","172949100","1815682000","1815682000","0","0","67342881100","27815841100","2.52","","5","97.06","","","","0.600","0.760","0.727","","","","","99.980208","","","96823100","","","","","","R_20160725_3.pdf",NA,NA
"2-YEAR","0-MONTH","NOTE","912828R93","2016-06-16","2016-06-20","2016-06-30","2018-06-30","26.0","Y","Y","Y","SINGLE PRICE","13:00","12:00","9100000000.0","9100000000","9100000000","3","0.001","2","100","100","100","100","80338000000.0","","N","13567000000.0","2016-06-30","Y","BC-2018","0.625","","2016-12-31","3.125","SEMI-ANNUAL","Y","100","9128202W6","","","N","","N","","N","","N","N","","","","","","","2016-06-30","","","","A_20160616_6.pdf","","","0.0","5000000.0","","N","","54307000000","11049385000","3715000000","2565000000","12518600000","12247395000","70540600000","25861780000","138285400","3792895400","3792895400","0","0","74471780800","29792960800","2.72","","5","57.37","","","","0.388","0.745","0.700","","","","","99.762218","","","83522400","","","","","","R_20160620_3.pdf",NA,NA
"2-YEAR","0-MONTH","NOTE","912828R51","2016-05-19","2016-05-24","2016-05-31","2018-05-31","26.0","Y","Y","Y","SINGLE PRICE","13:00","12:00","9100000000.0","9100000000","9100000000","3","0.001","2","100","100","100","100","70606000000.0","","N","25248000000.0","2016-05-31","Y","BB-2018","0.875","","2016-11-30","4.375","SEMI-ANNUAL","Y","100","9128202S5","","","N","","N","","N","","N","N","","","","","","","2016-05-31","","","","A_20160519_7.pdf","","","0.0","5000000.0","","N","","51636400000","4564245000","10791000000","8387350000","15434188000","12841172000","77861588000","25792767000","207242100","6630728300","6630728300","0","0","84699558400","32630737400","3.00","","5","84.57","","","","0.800","0.920","0.900","","","","","99.911026","","","100462100","","","","","","R_20160524_3.pdf",NA,NA
"2-YEAR","0-MONTH","NOTE","912828Q94","2016-04-21","2016-04-25","2016-05-02","2018-04-30","26.0","Y","Y","Y","SINGLE PRICE","13:00","12:00","9100000000.0","9100000000","9100000000","3","0.001","2","100","100","100","100","109729000000.0","","N","27371000000.0","2016-04-30","Y","AZ-2018","0.750","","2016-10-31","3.750","SEMI-ANNUAL","Y","100","9128202M8","","","N","","Y","2016-04-30","N","","N","N","","","","","","0.04076","2016-04-30","","","","A_20160421_3.pdf","","","0.0","5000000.0","","N","","50418400000","9919440000","5536000000","3751000000","12613950000","12188950000","68568350000","25859390000","140635500","6909230600","6909230600","0","0","75618216100","32909256100","2.64","","5","30.16","","","","0.760","0.842","0.805","","","","","99.818393","","","87407500","","","","","","R_20160425_3.pdf",NA,NA
"2-YEAR","0-MONTH","NOTE","912828Q45","2016-03-24","2016-03-28","2016-03-31","2018-03-31","26.0","Y","Y","Y","SINGLE PRICE","13:00","12:00","9100000000.0","9100000000","9100000000","3","0.001","2","100","100","100","100","70119000000.0","","N","23587000000.0","2016-03-31","Y","AY-2018","0.875","","2016-09-30","4.375","SEMI-ANNUAL","Y","100","9128202G1","","","N","","N","","N","","N","N","","","","","","","2016-03-31","","","","A_20160324_4.pdf","","","0.0","5000000.0","","N","","47060000000","9658760000","7436000000","3923370000","12362641000","12247641000","66858641000","25829771000","170233900","6194612100","6194612100","0","0","73223487000","32194617000","2.58","","5","49.48","","","","0.800","0.877","0.830","","","","","99.996043","","","87624900","","","","","","R_20160328_3.pdf",NA,NA
"2-YEAR","0-MONTH","NOTE","912828UR9","2016-02-18","2016-02-23","2016-02-29","2018-02-28","26.0","Y","Y","Y","SINGLE PRICE","13:00","12:00","9100000000.0","9100000000","9100000000","3","0.001","2","100","100","100","100","60330000000.0","","N","31839000000.0","2016-02-29","Y","V-2018","0.750","","2016-08-31","3.750","SEMI-ANNUAL","Y","100","912820B48","","","Y","2013-02-28","N","","N","","N","N","","","","","","","2016-02-29","912828P61","","","A_20160218_1.pdf","2013-02-28","","0.0","5000000.0","","N","","49223000000","8633000000","9329000000","2789000000","16853700000","14405900000","75405700000","25827900000","172124800","8713837300","8713837300","0","0","84291662100","34713862100","2.91","","5","7.46","","","","0.660","0.752","0.710","","","","","99.996037","","912828P61","95603000","","","","","","R_20160223_2.pdf",NA,NA
"2-YEAR","0-MONTH","NOTE","912828P20","2016-01-21","2016-01-26","2016-02-01","2018-01-31","26.0","Y","Y","Y","SINGLE PRICE","13:00","12:00","9100000000.0","9100000000","9100000000","3","0.001","2","100","100","100","100","106787000000.0","","N","1911000000.0","2016-01-31","Y","AV-2018","0.750","","2016-07-31","3.750","SEMI-ANNUAL","Y","100","912820Z67","","","N","","Y","2016-01-31","N","","N","N","","","","","","0.02060","2016-01-31","","","","A_20160121_6.pdf","","","0.0","5000000.0","","N","","51000150000","7709298300","7538000000","3176515000","16637000000","14942000000","75175150000","25827813300","172235600","473307900","473307900","0","0","75820693500","26473356800","2.90","","5","97.03","","","","0.688","0.860","0.830","","","","","99.782632","","","92813600","","","","","","R_20160126_2.pdf",NA,NA
"2-YEAR","0-MONTH","NOTE","912828N55","2015-12-24","2015-12-28","2015-12-31","2017-12-31","26.0","Y","Y","Y","SINGLE PRICE","13:00","12:00","9100000000.0","9100000000","9100000000","3","0.001","2","100","100","100","100","68752000000.0","","N","0.0","2015-12-31","Y","BL-2017","1.000","","2016-06-30","5.000","SEMI-ANNUAL","Y","100","912820Y92","","","N","","N","","N","","N","N","","","","","","","2015-12-31","","","","A_20151224_5.pdf","","","0.0","5000000.0","","N","","50102000000","9150250000","11123800000","6993800000","11308300000","9691850000","72534100000","25835900000","164186200","0","0","0","0","72698286200","26000086200","2.80","","5","52.65","","","","0.888","1.056","1.030","","","","","99.889463","","","94043200","","","","","","R_20151228_3.pdf",NA,NA
"2-YEAR","0-MONTH","NOTE","912828M72","2015-11-19","2015-11-23","2015-11-30","2017-11-30","26.0","Y","Y","Y","SINGLE PRICE","13:00","12:00","9100000000.0","9100000000","9100000000","3","0.001","2","100","100","100","100","68379000000.0","","N","0.0","2015-11-30","Y","BK-2017","0.875","","2016-05-31","4.375","SEMI-ANNUAL","Y","100","912820Y50","","","N","","N","","N","","N","N","","","","","","","2015-11-30","","","","A_20151119_3.pdf","","","0.0","5000000.0","","N","","61414000000","9121910000","8182000000","4912000000","12238800000","11803295000","81834800000","25837205000","162823800","0","0","0","0","81997623800","26000028800","3.15","","5","53.98","","","","0.850","0.948","0.910","","","","","99.855714","","","104570800","","","","","","R_20151123_3.pdf",NA,NA
"2-YEAR","0-MONTH","NOTE","912828TW0","2015-10-30","2015-11-04","2015-11-05","2017-10-31","26.0","Y","Y","Y","SINGLE PRICE","13:00","12:00","9100000000.0","9100000000","9100000000","3","0.001","2","100","100","100","100","67717000000.0","","N","0.0","2015-10-31","Y","AE-2017","0.750","","2016-04-30","3.750","SEMI-ANNUAL","Y","100","912820SE8","","","Y","2012-10-31","Y","2015-10-31","N","","N","N","","","","","","0.10302","2015-10-31","912828M31","","","A_20151030_2.pdf","2012-10-31","","0.0","5000000.0","","N","","60640000000","12687710000","7035000000","2860000000","10585790000","10385790000","78260790000","25933500000","66564400","0","0","0","0","78327354400","26000064400","3.01","","5","73.26","","","","0.688","0.824","0.800","","","","","99.854467","","912828M31","21636400","","","","","","R_20151104_1.pdf",NA,NA
"2-YEAR","0-MONTH","NOTE","912828TS9","2015-09-17","2015-09-22","2015-09-30","2017-09-30","26.0","Y","Y","Y","SINGLE PRICE","13:00","12:00","9100000000.0","9100000000","9100000000","3","0.001","2","100","100","100","100","69102000000.0","","N","1000000.0","2015-09-30","Y","AD-2017","0.625","","2016-03-31","3.125","SEMI-ANNUAL","Y","100","912820RZ2","","","Y","2012-10-01","N","","N","","N","N","","","","","","","2015-09-30","912828L73","","","A_20150917_2.pdf","2012-09-30","","0.0","5000000.0","","N","","61435000000","11241500000","8146000000","3441000000","15279750000","11174686400","84860750000","25857186400","142863100","0","0","0","0","85003613100","26000049500","3.27","","5","59.32","","","","0.530","0.699","0.668","","","","","99.853284","","912828L73","100956100","","","","","","R_20150922_2.pdf",NA,NA
"2-YEAR","0-MONTH","NOTE","912828TM2","2015-08-20","2015-08-25","2015-08-31","2017-08-31","26.0","Y","Y","Y","SINGLE PRICE","13:00","12:00","9100000000.0","9100000000","9100000000","3","0.001","2","100","100","100","100","70881000000.0","","N","0.0","2015-08-31","Y","AC-2017","0.625","","2016-02-29","3.125","SEMI-ANNUAL","Y","100","912820RV1","","","Y","2012-08-31","N","","N","","N","N","","","","","","","2015-08-31","912828K90","","","A_20150820_4.pdf","2012-08-31","","0.0","5000000.0","","N","","61977000000","10983958000","7076000000","2646765000","12981585000","12131355400","82034585000","25762078400","138040400","0","0","100000000","100000000","82272625400","26000118800","3.16","","5","30.51","","","","0.530","0.663","0.640","","","","","99.924626","","912828K90","68625400","","","","","","R_20150825_2.pdf",NA,NA
"2-YEAR","0-MONTH","NOTE","912828XP0","2015-07-23","2015-07-28","2015-07-31","2017-07-31","26.0","Y","Y","Y","SINGLE PRICE","13:00","12:00","9100000000.0","9100000000","9100000000","3","0.001","2","100","100","100","100","73213000000.0","","N","1000000.0","2015-07-31","Y","BD-2017","0.625","","2016-01-31","3.125","SEMI-ANNUAL","Y","100","912820W37","","","N","","N","","N","","N","N","","","","","","","2015-07-31","","","","A_20150723_4.pdf","","","0.0","5000000.0","","N","","62325000000","7141355000","9397000000","4600955000","16885000000","13989505000","88607000000","25731815000","168249100","0","0","100000000","100000000","88875249100","26000064100","3.42","","5","7.97","","","","0.593","0.690","0.651","","","","","99.871114","","","100092100","","","","","","R_20150728_2.pdf",NA,NA
"2-YEAR","0-MONTH","NOTE","912828XJ4","2015-06-18","2015-06-23","2015-06-30","2017-06-30","26.0","Y","Y","Y","SINGLE PRICE","13:00","12:00","9100000000.0","9100000000","9100000000","3","0.001","2","100","100","100","100","74131000000.0","","N","1000000.0","2015-06-30","Y","BC-2017","0.625","","2015-12-31","3.125","SEMI-ANNUAL","Y","100","912820V61","","","N","","N","","N","","N","N","","","","","","","2015-06-30","","","","A_20150618_5.pdf","","","0.0","5000000.0","","N","","60690000000","9593530000","7219000000","2613510000","17021580000","13551620000","84930580000","25758660000","141346500","0","0","100000000","100000000","85171926500","26000006500","3.28","","5","44.51","","","","0.600","0.692","0.660","","","","","99.867151","","","82051500","","","","","","R_20150623_3.pdf",NA,NA
"2-YEAR","0-MONTH","NOTE","912828SY7","2015-05-21","2015-05-26","2015-06-01","2017-05-31","26.0","Y","Y","Y","SINGLE PRICE","13:00","12:00","9100000000.0","9100000000","9100000000","3","0.001","2","100","100","100","100","75863000000.0","","N","0.0","2015-05-31","Y","Z-2017","0.625","","2015-11-30","3.125","SEMI-ANNUAL","Y","100","912820E45","","","Y","2012-05-31","Y","2015-05-31","N","","N","N","","","","","","0.01708","2015-05-31","912828XC9","","","A_20150521_4.pdf","2012-05-31","","0.0","5000000.0","","N","","63092000000","10434975000","8167000000","4441537500","16802345000","10892345000","88061345000","25768857500","131205200","0","0","100000000","100000000","88292550200","26000062700","3.40","","5","98.15","","","","0.590","0.648","0.620","","","","","99.954426","","912828XC9","67374200","","","","","","R_20150526_3.pdf",NA,NA
"2-YEAR","0-MONTH","NOTE","912828K66","2015-04-23","2015-04-27","2015-04-30","2017-04-30","26.0","Y","Y","Y","SINGLE PRICE","13:00","12:00","9100000000.0","9100000000","9100000000","3","0.001","2","100","100","100","100","77441000000.0","","N","450000000.0","2015-04-30","Y","AZ-2017","0.500","","2015-10-31","2.500","SEMI-ANNUAL","Y","100","912820U54","","","N","","N","","N","","N","N","","","","","","","2015-04-30","","","","A_20150423_5.pdf","","","0.0","5000000.0","","N","","67693000000","12171898200","7541000000","3759000000","10302150000","9802150000","85536150000","25733048200","167025600","95109300","95109300","100000000","100000000","85898284900","26095183100","3.30","","5","81.74","","","","0.450","0.540","0.505","","","","","99.920537","","","106496600","","","","","","R_20150427_3.pdf",NA,NA
"2-YEAR","0-MONTH","NOTE","912828J92","2015-03-19","2015-03-24","2015-03-31","2017-03-31","26.0","Y","Y","Y","SINGLE PRICE","13:00","12:00","9100000000.0","9100000000","9100000000","3","0.001","2","100","100","100","100","78420000000.0","","N","1000000.0","2015-03-31","Y","AY-2017","0.500","","2015-09-30","2.500","SEMI-ANNUAL","Y","100","912820T80","","","N","","N","","N","","N","N","","","","","","","2015-03-31","","","","A_20150319_3.pdf","","","0.0","5000000.0","","N","","67615000000","9265000000","8090000000","4712822500","13911150000","11765480000","89616150000","25743302500","156705100","0","0","100000000","100000000","89872855100","26000007600","3.46","","5","19.33","","","","0.500","0.598","0.560","","","","","99.805456","","","103032100","","","","","","R_20150324_2.pdf",NA,NA
"2-YEAR","0-MONTH","NOTE","912828J35","2015-02-19","2015-02-24","2015-03-02","2017-02-28","26.0","Y","Y","Y","SINGLE PRICE","13:00","12:00","9100000000.0","9100000000","9100000000","3","0.001","2","100","100","100","100","78033000000.0","","N","0.0","2015-02-28","Y","AX-2017","0.500","","2015-08-31","2.500","SEMI-ANNUAL","Y","100","912820T49","","","N","","Y","2015-02-28","N","","N","N","","","","","","0.02717","2015-02-28","","","","A_20150219_6.pdf","","","0.0","5000000.0","","N","","66522000000","9908956400","8020000000","3415000000","14853000000","12403000000","89395000000","25726956400","173122600","0","0","100000000","100000000","89668122600","26000079000","3.45","","5","14.52","","","","0.539","0.603","0.580","","","","","99.796087","","","88024600","","","","","","R_20150224_2.pdf",NA,NA
"2-YEAR","0-MONTH","NOTE","912828H78","2015-01-22","2015-01-28","2015-02-02","2017-01-31","26.0","Y","Y","Y","SINGLE PRICE","13:00","12:00","9100000000.0","9100000000","9100000000","3","0.001","2","100","100","100","100","77684000000.0","","N","0.0","2015-01-31","Y","AV-2017","0.500","","2015-07-31","2.500","SEMI-ANNUAL","Y","100","912820S73","","","N","","Y","2015-01-31","N","","N","N","","","","","","0.02762","2015-01-31","","","","A_20150126_3.pdf","","","0.0","5000000.0","","N","","71344000000","10962000000","9005000000","2252650000","16602000000","12518650000","96951000000","25733300000","166771200","0","0","100000000","100000000","97217771200","26000071200","3.74","","5","75.30","","","","0.479","0.540","0.509","","","","","99.920748","","","97532200","","","","","","R_20150128_2.pdf",NA,NA
"2-YEAR","0-MONTH","NOTE","912828H29","2014-12-18","2014-12-22","2014-12-31","2016-12-31","27.0","Y","Y","Y","SINGLE PRICE","13:00","12:00","9450000000.0","9450000000","9450000000","3","0.001","2","100","100","100","100","78244000000.0","","N","1000000.0","2014-12-31","Y","BK-2016","0.625","","2015-06-30","3.125","SEMI-ANNUAL","Y","100","912820S24","","","N","","N","","N","","N","N","","","","","","","2014-12-31","","","","A_20141218_3.pdf","","","0.0","5000000.0","","N","","67105000000","13326975000","7766000000","3891000000","11516050000","9539712500","86387050000","26757687500","142316500","0","0","100000000","100000000","86629366500","27000004000","3.21","","5","62.93","","","","0.638","0.703","0.677","","","","","99.845361","","","77328500","","","","","","R_20141222_3.pdf",NA,NA
"2-YEAR","0-MONTH","NOTE","912828G46","2014-11-20","2014-11-24","2014-12-01","2016-11-30","28.0","Y","Y","Y","SINGLE PRICE","13:00","12:00","9800000000.0","9800000000","9800000000","3","0.001","2","100","100","100","100","78261000000.0","","N","0.0","2014-11-30","Y","BJ-2016","0.500","","2015-05-31","2.500","SEMI-ANNUAL","Y","100","912820R66","","","N","","Y","2014-11-30","N","","N","N","","","","","","0.01374","2014-11-30","","","","A_20141120_4.pdf","","","0.0","5000000.0","","N","","74408000000","13313780000","10207150000","4496750000","19117000000","9942546800","103732150000","27753076800","147040000","0","0","100000000","100000000","103979190000","28000116800","3.71","","5","0.26","","","","0.490","0.542","0.520","","","","","99.916676","","","75994000","","","","","","R_20141124_3.pdf",NA,NA
"2-YEAR","0-MONTH","NOTE","912828F88","2014-10-23","2014-10-28","2014-10-31","2016-10-31","29.0","Y","Y","Y","SINGLE PRICE","13:00","12:00","10150000000.0","10150000000","10150000000","3","0.001","2","100","100","100","100","77009000000.0","","N","1000000.0","2014-10-31","Y","BG-2016","0.375","","2015-04-30","1.875","SEMI-ANNUAL","Y","100","912820Q91","","","N","","N","","N","","N","N","","","","","","","2014-10-31","","","","A_20141023_4.pdf","","","0.0","5000000.0","","N","","67704000000","13549190000","8581000000","4651000000","13736400000","10531300000","90021400000","28731490000","168669700","0","0","100000000","100000000","90290069700","29000159700","3.11","","5","10.98","","","","0.369","0.425","0.404","","","","","99.900529","","","97694700","","","","","","R_20141028_2.pdf",NA,NA
"2-YEAR","0-MONTH","NOTE","912828F47","2014-09-18","2014-09-23","2014-09-30","2016-09-30","29.0","Y","Y","Y","SINGLE PRICE","13:00","12:00","10150000000.0","10150000000","10150000000","3","0.001","2","100","100","100","100","75708000000.0","","N","1000000.0","2014-09-30","Y","BF-2016","0.500","","2015-03-31","2.500","SEMI-ANNUAL","Y","100","912820Q59","","","N","","N","","N","","N","N","","","","","","","2014-09-30","","","","A_20140918_5.pdf","","","0.0","5000000.0","","N","","77724000000","12356407500","8832000000","4630590000","16552200000","11762200000","103108200000","28749197500","150915600","0","0","100000000","100000000","103359115600","29000113100","3.56","","5","28.59","","","","0.520","0.589","0.570","","","","","99.823303","","","94377600","","","","","","R_20140923_2.pdf",NA,NA
"2-YEAR","0-MONTH","NOTE","912828D64","2014-08-21","2014-08-26","2014-09-02","2016-08-31","29.0","Y","Y","Y","SINGLE PRICE","13:00","12:00","10150000000.0","10150000000","10150000000","3","0.001","2","100","100","100","100","75167000000.0","","N","5000000.0","2014-08-31","Y","BE-2016","0.500","","2015-02-28","2.500","SEMI-ANNUAL","Y","100","912820P92","","","N","","Y","2014-08-31","N","","N","N","","","","","","0.02762","2014-08-31","","","","A_20140821_2.pdf","","","0.0","5000000.0","","N","","79678000000","13795900000","6195000000","3486000000","14750500000","11438780000","100623500000","28720680000","179427100","1463600","1463600","100000000","100000000","100904390700","29001570700","3.48","","5","1.48","","","","0.477","0.530","0.507","","","","","99.940552","","","107096600","","","","","","R_20140826_2.pdf",NA,NA
"2-YEAR","0-MONTH","NOTE","912828WX4","2014-07-24","2014-07-28","2014-07-31","2016-07-31","29.0","Y","Y","Y","SINGLE PRICE","13:00","12:00","10150000000.0","10150000000","10150000000","3","0.001","2","100","100","100","100","74936000000.0","","N","40000000.0","2014-07-31","Y","BC-2016","0.500","","2015-01-31","2.500","SEMI-ANNUAL","Y","100","912820P43","","","N","","N","","N","","N","N","","","","","","","2014-07-31","","","","A_20140724_1.pdf","","","0.0","5000000.0","","N","","75434000000","16858134400","8181000000","4122449000","9500050000","7750490000","93115050000","28731073400","169134600","9421100","9421100","100000000","100000000","93393605700","29009629100","3.22","","5","78.18","","","","0.489","0.544","0.525","","","","","99.912595","","","111407600","","","","","","R_20140728_3.pdf",NA,NA
"2-YEAR","0-MONTH","NOTE","912828WQ9","2014-06-19","2014-06-24","2014-06-30","2016-06-30","30.0","Y","Y","Y","SINGLE PRICE","13:00","12:00","10500000000.0","10500000000","10500000000","3","0.001","2","100","100","100","100","73430000000.0","","N","1000000.0","2014-06-30","Y","BB-2016","0.500","","2014-12-31","2.500","SEMI-ANNUAL","Y","100","912820N78","","","N","","N","","N","","N","N","","","","","","","2014-06-30","","","","A_20140619_5.pdf","","","0.0","5000000.0","","N","","75161000000","15943032500","10428000000","6930135000","11100000000","6881350000","96689000000","29754517500","145512800","0","0","100000000","100000000","96934512800","30000030300","3.23","","5","84.27","","","","0.436","0.511","0.494","","","","","99.978140","","","102095800","","","","","","R_20140624_3.pdf",NA,NA
"2-YEAR","0-MONTH","NOTE","912828WM8","2014-05-22","2014-05-27","2014-06-02","2016-05-31","31.0","Y","Y","Y","SINGLE PRICE","13:00","12:00","10850000000.0","10850000000","10850000000","3","0.001","2","100","100","100","100","71133000000.0","","N","37000000.0","2014-05-31","Y","BA-2016","0.375","","2014-11-30","1.875","SEMI-ANNUAL","Y","100","912820N37","","","N","","Y","2014-05-31","N","","N","N","","","","","","0.02049","2014-05-31","","","","A_20140522_7.pdf","","","0.0","5000000.0","","N","","84205000000","17169610500","15852000000","7746565000","8736300000","5792210000","108793300000","30708385500","191720900","11925700","11925700","100000000","100000000","109096946600","31012032100","3.52","","5","81.13","","","","0.333","0.392","0.370","","","","","99.966254","","","105011900","","","","","","R_20140527_3.pdf",NA,NA
"2-YEAR","0-MONTH","NOTE","912828C81","2014-04-17","2014-04-22","2014-04-30","2016-04-30","32.0","Y","Y","Y","SINGLE PRICE","13:00","12:00","11200000000.0","11200000000","11200000000","3","0.001","2","100","100","100","100","72152000000.0","","N","1000000.0","2014-04-30","Y","AY-2016","0.375","","2014-10-31","1.875","SEMI-ANNUAL","Y","100","912820M61","","","N","","N","","N","","N","N","","","","","","","2014-04-30","","","","A_20140417_3.pdf","","","0.0","5000000.0","","N","","83944000000","18319942500","14183000000","6020442500","8676300000","7419805000","106803300000","31760190000","140283700","0","0","100000000","100000000","107043583700","32000473700","3.35","","5","49.77","","","","0.379","0.447","0.435","","","","","99.856801","","","84774200","","","","","","R_20140422_2.pdf",NA,NA
"2-YEAR","0-MONTH","NOTE","912828C40","2014-03-20","2014-03-25","2014-03-31","2016-03-31","32.0","Y","Y","Y","SINGLE PRICE","13:00","12:00","11200000000.0","11200000000","11200000000","3","0.001","2","100","100","100","100","71440000000.0","","N","1000000.0","2014-03-31","Y","AX-2016","0.375","","2014-09-30","1.875","SEMI-ANNUAL","Y","100","912820L96","","","N","","N","","N","","N","N","","","","","","","2014-03-31","","","","A_20140320_4.pdf","","","0.0","5000000.0","","N","","71115000000","11914475000","15223000000","6836000000","15795928000","12994628000","102133928000","31745103000","155010000","0","0","100000000","100000000","102388938000","32000113000","3.20","","5","89.97","","","","0.415","0.469","0.450","","","","","99.813097","","","86478000","","","","","","R_20140325_2.pdf",NA,NA
"2-YEAR","0-MONTH","NOTE","912828B82","2014-02-20","2014-02-25","2014-02-28","2016-02-29","32.0","Y","Y","Y","SINGLE PRICE","13:00","12:00","11200000000.0","11200000000","11200000000","3","0.001","2","100","100","100","100","68915000000.0","","N","295000000.0","2014-02-28","Y","AW-2016","0.250","","2014-08-31","1.250","SEMI-ANNUAL","Y","100","912820L54","","","N","","N","","N","","N","N","","","","","","","2014-02-28","","","","A_20140220_6.pdf","","","0.0","5000000.0","","N","","82600000000","14734495000","15975000000","6118809000","16520931000","10889692100","115095931000","31742996100","157202300","89897700","89897700","100000000","100000000","115443031000","32090096100","3.60","","5","96.03","","","","0.288","0.340","0.320","","","","","99.820762","","","94059300","","","","","","R_20140225_2.pdf",NA,NA
"2-YEAR","0-MONTH","NOTE","912828B41","2014-01-23","2014-01-28","2014-01-31","2016-01-31","32.0","Y","Y","Y","SINGLE PRICE","13:00","12:00","11200000000.0","11200000000","11200000000","3","0.001","2","100","100","100","100","66932000000.0","","N","1000000.0","2014-01-31","Y","AU-2016","0.375","","2014-07-31","1.875","SEMI-ANNUAL","Y","100","912820K89","","","N","","N","","N","","N","N","","","","","","","2014-01-31","","","","A_20140123_1.pdf","","","0.0","5000000.0","","N","","72665000000","15590150000","19819000000","7096000000","12727400000","9023405000","105211400000","31709555000","175460700","0","0","115000000","115000000","105501860700","32000015700","3.30","","5","92.01","","","","0.300","0.380","0.360","","","","","99.990047","","","97276200","","","","","","R_20140128_2.pdf",NA,NA
"2-YEAR","0-MONTH","NOTE","912828A67","2013-12-12","2013-12-17","2013-12-31","2015-12-31","32.0","Y","Y","Y","SINGLE PRICE","13:00","12:00","11200000000.0","11200000000","11200000000","3","0.001","2","100","100","100","100","66175000000.0","","N","1000000.0","2013-12-31","Y","AU-2015","0.250","","2014-06-30","1.250","SEMI-ANNUAL","Y","100","912820K30","","","N","","N","","N","","N","N","","","","","","","2013-12-31","","","","A_20131212_1.pdf","","","0.0","5000000.0","","N","","82975000000","15326375000","26993000000","9614000000","10376000000","6850830000","120344000000","31791205000","108951400","0","0","100000000","100000000","120552951400","32000156400","3.77","","5","70.75","","","","0.300","0.345","0.329","","","","","99.810817","","","73320400","","","","","","R_20131217_2.pdf",NA,NA
"2-YEAR","0-MONTH","NOTE","912828A26","2013-11-21","2013-11-25","2013-12-02","2015-11-30","32.0","Y","Y","Y","SINGLE PRICE","13:00","12:00","11200000000.0","11200000000","11200000000","3","0.001","2","100","100","100","100","64404000000.0","","N","1000000.0","2013-11-30","Y","AT-2015","0.250","","2014-05-31","1.250","SEMI-ANNUAL","Y","100","912820J73","","","N","","Y","2013-11-30","N","","N","N","","","","","","0.01374","2013-11-30","","","","A_20131121_2.pdf","","","0.0","5000000.0","","N","","81693000000","15950840000","20555150000","8660150000","10671500000","7131740000","112919650000","31742730000","147326500","0","0","110000000","110000000","113176976500","32000056500","3.54","","5","16.64","","","","0.250","0.300","0.280","","","","","99.900644","","","96256500","","","","","","R_20131125_3.pdf",NA,NA
"2-YEAR","0-MONTH","NOTE","912828WB2","2013-10-24","2013-10-28","2013-10-31","2015-10-31","32.0","Y","Y","Y","SINGLE PRICE","13:00","12:00","11200000000.0","11200000000","11200000000","3","0.001","2","100","100","100","100","61394000000.0","","N","1000000.0",NA,"Y","AS-2015","0.250",NA,"2014-04-30","1.250","SEMI-ANNUAL","Y","100","912820J32","","","N","","N","","N","","N",NA,NA,"","","","","","2013-10-31","","","","A_20131024_2.pdf","","","0.0","5000000.0","","N","","74400000000","12702980000","20072000000","9832000000","11367300000","9214300000","105839300000","31749280000","140872000","0","0","110000000","110000000","106090172000","32000152000","3.32","","5","13.56","","","","0.250","0.323","0.305",NA,NA,NA,"","99.854588","","","80336000","","","",NA,NA,"R_20131028_3.pdf",NA,NA
"2-YEAR","0-MONTH","NOTE","912828VY3","2013-09-19","2013-09-24","2013-09-30","2015-09-30","33.0","Y","Y","Y","SINGLE PRICE","13:00","12:00","11550000000.0","11550000000","11550000000","3","0.001","2","100","100","100","100","62308000000.0","","N","2000000.0",NA,"Y","AR-2015","0.250",NA,"2014-03-31","1.250","SEMI-ANNUAL","Y","100","912820H67","","","N","","N","","N","","N",NA,NA,"","","","","","2013-09-30","","","","A_20130919_3.pdf","","","0.0","5000000.0","","N","","72545000000","17741820000","18521000000","7129495000","10644300000","7857664000","101710300000","32728979000","171117200","0","0","100000000","100000000","101981417200","33000096200","3.09","","5","49.47","","","","0.289","0.348","0.330",NA,NA,NA,"","99.804850","","","108981200","","","",NA,NA,"R_20130924_2.pdf",NA,NA
"2-YEAR","0-MONTH","NOTE","912828VU1","2013-08-22","2013-08-27","2013-09-03","2015-08-31","34.0","Y","Y","Y","SINGLE PRICE","13:00","12:00","11900000000.0","11900000000","11900000000","3","0.001","2","100","100","100","100","59907000000.0","","N","1000000.0",NA,"Y","AQ-2015","0.375",NA,"2014-02-28","1.875","SEMI-ANNUAL","Y","100","912820H34","","","N","","Y","2013-08-31","N","","N",NA,NA,"","","","","0.03108","2013-08-31","","","","A_20130822_1.pdf","","","0.0","5000000.0","","N","","79722000000","18430200000","19446000000","8810460000","9606585000","6516385000","108774585000","33757045000","142980500","0","0","100000000","100000000","109017565500","34000025500","3.21","","5","70.92","","","","0.330","0.386","0.372",NA,NA,NA,"","99.978190","","","73683500","","","",NA,NA,"R_20130827_3.pdf",NA,NA
"2-YEAR","0-MONTH","NOTE","912828VN7","2013-07-18","2013-07-23","2013-07-31","2015-07-31","35.0","Y","Y","Y","SINGLE PRICE","13:00","12:00","12250000000.0","12250000000","12250000000","3","0.001","2","100","100","100","100","59355000000.0","","N","1000000.0",NA,"Y","AP-2015","0.250",NA,"2014-01-31","1.250","SEMI-ANNUAL","Y","100","912820G50","","","N","","N","","N","","N",NA,NA,"","","","","","2013-07-31","","","","A_20130718_3.pdf","","","0.0","5000000.0","","N","","76935000000","18488170000","16107000000","5683749000","14379950000","10550950000","107421950000","34722869000","147186600","0","0","130000000","130000000","107699136600","35000055600","3.08","","5","42.14","","","","0.285","0.336","0.315",NA,NA,NA,"","99.828720","","","80161600","","","",NA,NA,"R_20130723_3.pdf",NA,NA
"2-YEAR","0-MONTH","NOTE","912828VH0","2013-06-20","2013-06-25","2013-07-01","2015-06-30","35.0","Y","Y","Y","SINGLE PRICE","13:00","12:00","12250000000.0","12250000000","12250000000","3","0.001","2","100","100","100","100","58271000000.0","","N","1000000.0",NA,"Y","AN-2015","0.375",NA,"2013-12-31","1.875","SEMI-ANNUAL","Y","100","912820F93","","","N","","Y","2013-06-30","N","","N",NA,NA,"","","","","0.01019","2013-06-30","","","","A_20130620_6.pdf","","","0.0","5000000.0","","N","","78360000000","19581850000","14041000000","2722197500","14244905000","12452867500","106645905000","34756915000","133180900","0","0","110000000","110000000","106889085900","35000095900","3.05","","5","4.79","","","","0.348","0.430","0.404",NA,NA,NA,"","99.890734","","","78844900","","","",NA,NA,"R_20130625_3.pdf",NA,NA
"2-YEAR","0-MONTH","NOTE","912828VD9","2013-05-23","2013-05-28","2013-05-31","2015-05-31","35.0","Y","Y","Y","SINGLE PRICE","13:00","12:00","12250000000.0","12250000000","12250000000","3","0.001","2","100","100","100","100","58463000000.0","","N","1000000.0",NA,"Y","AM-2015","0.250",NA,"2013-11-30","1.250","SEMI-ANNUAL","Y","100","912820F69","","","N","","N","","N","","N",NA,NA,"","","","","","2013-05-31","","","","A_20130523_5.pdf","","","0.0","5000000.0","","N","","82300000000","22745200000","15168000000","4378000000","8692900000","7617900000","106160900000","34741100000","158960600","0","0","100000000","100000000","106419860600","35000060600","3.04","","5","80.95","","","","0.205","0.283","0.271",NA,NA,NA,"","99.934233","","","71018300","","","",NA,NA,"R_20130528_3.pdf",NA,NA
"2-YEAR","0-MONTH","NOTE","912828UY4","2013-04-18","2013-04-23","2013-04-30","2015-04-30","35.0","Y","Y","Y","SINGLE PRICE","13:00","12:00","12250000000.0","12250000000","12250000000","3","0.001","2","100","100","100","100","57950000000.0","","N","1000000.0",NA,"Y","AL-2015","0.125",NA,"2013-10-31","0.625","SEMI-ANNUAL","Y","100","912820C54","","","N","","N","","N","","N",NA,NA,"","","","","","2013-04-30","","","","A_20130418_3.pdf","","","0.0","5000000.0","","N","","90575000000","17937985000","22060000000","9639895000","14112600000","7180520000","126747600000","34758400000","141809200","0","0","100000000","100000000","126989409200","35000209200","3.63","","5","3.83","","","","0.164","0.233","0.220",NA,NA,NA,"","99.784628","","","107622900","","","",NA,NA,"R_20130423_2.pdf",NA,NA
"2-YEAR","0-MONTH","NOTE","912828UT5","2013-03-21","2013-03-26","2013-04-01","2015-03-31","35.0","Y","Y","Y","SINGLE PRICE","13:00","12:00","12250000000.0","12250000000","12250000000","3","0.001","2","100","100","100","100","57140000000.0","","N","1000000.0",NA,"Y","AK-2015","0.250",NA,"2013-09-30","1.250","SEMI-ANNUAL","Y","100","912820C21","","","N","","Y","2013-03-31","N","","N",NA,NA,"","","","","0.00683","2013-03-31","","","","A_20130321_5.pdf","","","0.0","5000000.0","","N","","84914000000","19976610000","17997000000","7570000000","11226500000","7157488000","114137500000","34704098000","166205100","0","0","130000000","130000000","114433705100","35000303100","3.27","","5","90.28","","","","0.199","0.255","0.244",NA,NA,NA,"","99.990045","","","111050100","","","",NA,NA,"R_20130326_2.pdf",NA,NA
"2-YEAR","0-MONTH","NOTE","912828UP3","2013-02-21","2013-02-25","2013-02-28","2015-02-28","35.0","Y","Y","Y","SINGLE PRICE","13:00","12:00","12250000000.0","12250000000","12250000000","3","0.001","2","100","100","100","100","54706000000.0","","N","1000000.0",NA,"Y","AJ-2015","0.250",NA,"2013-08-31","1.250","SEMI-ANNUAL","Y","100","912820B55","","","N","","N","","N","","N",NA,NA,"","","","","","2013-02-28","","","","A_20130221_5.pdf","","","0.0","5000000.0","","N","","83805000000","16126760000","22696000000","10974380000","9708345000","7644508000","116209345000","34745648000","154473300","0","0","100000000","100000000","116463818300","35000121300","3.33","","5","74.46","","","","0.199","0.257","0.249",NA,NA,NA,"","99.986045","","","102688300","","","",NA,NA,"R_20130225_3.pdf",NA,NA
"2-YEAR","0-MONTH","NOTE","912828UK4","2013-01-24","2013-01-28","2013-01-31","2015-01-31","35.0","Y","Y","Y","SINGLE PRICE","13:00","12:00","12250000000.0","12250000000","12250000000","3","0.001","2","100","100","100","100","51397000000.0","","N","1000000.0",NA,"Y","AH-2015","0.250",NA,"2013-07-31","1.250","SEMI-ANNUAL","Y","100","912820A98","","","N","","N","","N","","N",NA,NA,"","","","","","2013-01-31","","","","A_20130124_3.pdf","","","0.0","5000000.0","","N","","92001000000","18061165000","21983000000","10416460000","17532100000","6255100000","131516100000","34732725000","167386200","0","0","100000000","100000000","131783486200","35000111200","3.77","","5","13.41","","","","0.225","0.288","0.269",NA,NA,NA,"","99.924273","","","117939900","","","",NA,NA,"R_20130128_3.pdf",NA,NA
"2-YEAR","0-MONTH","NOTE","912828UD0","2012-12-13","2012-12-17","2012-12-31","2014-12-31","35.0","Y","Y","Y","SINGLE PRICE","13:00","12:00","12250000000.0","12250000000","12250000000","3","0.001","2","100","100","100","100","52030000000.0","","N","382000000.0",NA,"Y","AU-2014","0.125",NA,"2013-06-30","0.625","SEMI-ANNUAL","Y","100","912820A49","","","N","","N","","N","","N",NA,NA,"","","","","","2012-12-31","","","","A_20121213_5.pdf","","","0.0","5000000.0","","N","","98003000000","18733775000","18293000000","9888513000","9142200000","6155277000","125438200000","34777565000","122600000","0","0","100000000","100000000","125660800000","35000165000","3.59","","5","23.59","","","","0.186","0.245","0.234",NA,NA,NA,"","99.760733","","","85269000","","","",NA,NA,"R_20121217_3.pdf",NA,NA
"2-YEAR","0-MONTH","NOTE","912828TZ3","2012-11-21","2012-11-27","2012-11-30","2014-11-30","35.0","Y","Y","Y","SINGLE PRICE","13:00","12:00","12250000000.0","12250000000","12250000000","3","0.001","2","100","100","100","100","52236000000.0","","N","100000000.0",NA,"Y","AT-2014","0.250",NA,"2013-05-31","1.250","SEMI-ANNUAL","Y","100","912820SL2","","","N","","N","","N","","N",NA,NA,"","","","","","2012-11-30","","","","A_20121121_3.pdf","","","0.0","5000000.0","","N","","104626000000","14573155000","19461000000","8216134500","18016400000","11960073200","142103400000","34749362700","150708800","0","0","100000000","100000000","142354108800","35000071500","4.07","","5","12.99","","","","0.204","0.270","0.261",NA,NA,NA,"","99.960135","","","105938800","","","",NA,NA,"R_20121127_2.pdf",NA,NA
"2-YEAR","0-MONTH","NOTE","912828TU4","2012-10-18","2012-10-23","2012-10-31","2014-10-31","35.0","Y","Y","Y","SINGLE PRICE","13:00","12:00","12250000000.0","12250000000","12250000000","3","0.001","2","100","100","100","100","51226000000.0","","N","1000000.0",NA,"Y","AS-2014","0.250",NA,"2013-04-30","1.250","SEMI-ANNUAL","Y","100","912820SF5","","","N","","N","","N","","N",NA,NA,"","","","","","2012-10-31","","","","A_20121018_2.pdf","","","0.0","5000000.0","","N","","97605000000","9835060000","24788000000","13252720000","17902500000","11640436000","140295500000","34728216000","161837500","0","0","110000000","110000000","140567337500","35000053500","4.02","","5","92.36","","","","0.239","0.295","0.283",NA,NA,NA,"","99.910331","","","107303500","","","",NA,NA,"R_20121023_2.pdf","N","0.0"
"2-YEAR","0-MONTH","NOTE","912828TQ3","2012-09-20","2012-09-25","2012-10-01","2014-09-30","35.0","Y","Y","Y","SINGLE PRICE","13:00","12:00","12250000000.0","12250000000","12250000000","3","0.001","2","100","100","100","100","52178000000.0","","N","825000000.0",NA,"Y","AR-2014","0.250",NA,"2013-03-31","1.250","SEMI-ANNUAL","Y","100","912820SB4","","","N","","Y","2012-09-30","N","","N",NA,NA,"","","","","0.00687","2012-09-30","","","","A_20120920_4.pdf","","","0.0","5000000.0","","N","","93465000000","19214050000","16368000000","6077420000","15860900000","9437090000","125693900000","34728560000","171519200","0","0","100000000","100000000","125965419200","35000079200","3.60","","5","20.14","","","","0.207","0.273","0.264",NA,NA,NA,"","99.954218","","","114835700","","","",NA,NA,"R_20120925_2.pdf","N","0.0"
"2-YEAR","0-MONTH","NOTE","912828TL4","2012-08-23","2012-08-28","2012-08-31","2014-08-31","35.0","Y","Y","Y","SINGLE PRICE","13:00","12:00","12250000000.0","12250000000","12250000000","3","0.001","2","100","100","100","100","50441000000.0","","N","3556000000.0",NA,"Y","AQ-2014","0.250",NA,"2013-02-28","1.250","SEMI-ANNUAL","Y","100","912820RX7","","","N","","N","","N","","N",NA,NA,"","","","","","2012-08-31","","","","A_20120823_1.pdf","","","0.0","5000000.0","","N","","102170000000","21378170000","17764000000","5579000000","17734300000","7738378900","137668300000","34695548900","204542300","0","0","100000000","100000000","137972842300","35000091200","3.94","","5","9.01","","","","0.200","0.273","0.265",NA,NA,NA,"","99.954157","","","129405300","","","",NA,NA,"R_20120828_2.pdf","N","0.0"
"2-YEAR","0-MONTH","NOTE","912828TF7","2012-07-19","2012-07-24","2012-07-31","2014-07-31","35.0","Y","Y","Y","SINGLE PRICE","13:00","12:00","12250000000.0","12250000000","12250000000","3","0.001","2","100","100","100","100","53413000000.0","","N","1639000000.0",NA,"Y","AP-2014","0.125",NA,"2013-01-31","0.625","SEMI-ANNUAL","Y","100","912820RR0","","","N","","N","","N","","N",NA,NA,"","","","","","2012-07-31","","","","A_20120719_3.pdf","","","0.0","5000000.0","","N","","108030000000","20538120000","15567000000","3451240000","16214300000","10705006000","139811300000","34694366000","205763500","0","0","100000000","100000000","140117063500","35000129500","4.00","","5","77.80","","","","0.167","0.220","0.212",NA,NA,NA,"","99.810521","","","139068000","","","",NA,NA,"R_20120724_3.pdf","N","0.0"
"2-YEAR","0-MONTH","NOTE","912828TA8","2012-06-21","2012-06-26","2012-07-02","2014-06-30","35.0","Y","Y","Y","SINGLE PRICE","13:00","12:00","12250000000.0","12250000000","12250000000","3","0.001","2","100","100","100","100","56084000000.0","","N","1011000000.0",NA,"Y","AN-2014","0.250",NA,"2012-12-31","1.250","SEMI-ANNUAL","Y","100","912820E78","","","N","","Y","2012-06-30","N","","N",NA,NA,"","","","","0.01359","2012-06-30","","","","A_20120621_3.pdf","","","0.0","5000000.0","","N","","96275000000","20974960000","14351900000","2745000000","15680872800","11004072800","126307772800","34724032800","175978900","357340200","357340200","100000000","100000000","126941091900","35357351900","3.62","","5","90.32","","","","0.242","0.313","0.300",NA,NA,NA,"","99.874829","","","121566600","","","",NA,NA,"R_20120626_3.pdf","N","0.0"
"2-YEAR","0-MONTH","NOTE","912828SW1","2012-05-17","2012-05-22","2012-05-31","2014-05-31","35.0","Y","Y","Y","SINGLE PRICE","13:00","12:00","12250000000.0","12250000000","12250000000","3","0.001","2","100","100","100","100","59149000000.0","","N","2000000.0",NA,"Y","AM-2014","0.250",NA,"2012-11-30","1.250","SEMI-ANNUAL","Y","100","912820E52","","","N","","N","","N","","N",NA,NA,"","","","","","2012-05-31","","","","A_20120517_3.pdf","","","0.0","5000000.0","","N","","104934000000","20022030000","16218000000","3125814500","16942800000","11667132500","138094800000","34814977000","185356900","469400","469400","0","0","138280626300","35000803300","3.95","","5","24.43","","","","0.227","0.300","0.286",NA,NA,NA,"","99.900374","","","114652400","","","",NA,NA,"R_20120522_2.pdf","N","0.0"
"2-YEAR","0-MONTH","NOTE","912828SR2","2012-04-19","2012-04-24","2012-04-30","2014-04-30","35.0","Y","Y","Y","SINGLE PRICE","13:00","12:00","12250000000.0","12250000000","12250000000","3","0.001","2","100","100","100","100","58298000000.0","","N","3090000000.0",NA,"Y","AL-2014","0.250",NA,"2012-10-31","1.250","SEMI-ANNUAL","Y","100","912820D79","","","N","","N","","N","","N",NA,NA,"","","","","","2012-04-30","","","","A_20120419_3.pdf","","","0.0","5000000.0","","N","","96986000000","20916839700","18468000000","2725000000","15971700000","11195551600","131425700000","34837391300","162743700","940358300","940358300","0","0","132528802000","35940493300","3.76","","5","99.89","","","","0.207","0.270","0.250",NA,NA,NA,"","99.960135","","","104958700","","","",NA,NA,"R_20120424_2.pdf","N","0.0"
"2-YEAR","0-MONTH","NOTE","912828SL5","2012-03-22","2012-03-27","2012-04-02","2014-03-31","35.0","Y","Y","Y","SINGLE PRICE","13:00","12:00","12250000000.0","12250000000","12250000000","3","0.001","2","100","100","100","100","59492000000.0","","N","2350000000.0",NA,"Y","AK-2014","0.250",NA,"2012-09-30","1.250","SEMI-ANNUAL","Y","100","912820C96","","","N","","Y","2012-03-31","N","","N",NA,NA,"","","","","0.01366","2012-03-31","","","","A_20120322_3.pdf","","","0.0","5000000.0","","N","","91674000000","15423000000","18386000000","7455200000","19057373000","11933773000","129117373000","34811973000","188225000","830890100","830890100","0","0","130136488100","35831088100","3.69","13:01","5","42.80","","","","0.279","0.340","0.324",NA,NA,NA,"","99.821248","","","129907700","","","",NA,NA,"R_20120327_2.pdf","N","0.0"
"2-YEAR","0-MONTH","NOTE","912828SG6","2012-02-16","2012-02-21","2012-02-29","2014-02-28","35.0","Y","Y","Y","SINGLE PRICE","13:00","12:00","12250000000.0","12250000000","12250000000","3","0.001","2","100","100","100","100","60186000000.0","","N","1533000000.0",NA,"Y","AJ-2014","0.250",NA,"2012-08-31","1.250","SEMI-ANNUAL","Y","100","912820ZZ3","","","N","","N","","N","","N",NA,NA,"","","","","","2012-02-29","","","","A_20120216_2.pdf","","","0.0","5000000.0","","N","","90840000000","19036102500","14135000000","3310857500","18782409000","12485589000","123757409000","34832549000","167593800","496813200","496813200","0","0","124421816000","35496956000","3.54","13:01","5","79.09","","","","0.220","0.310","0.290",NA,NA,NA,"","99.880464","","","113217500","","","",NA,NA,"R_20120221_3.pdf","N","0.0"
"2-YEAR","0-MONTH","NOTE","912828SB7","2012-01-19","2012-01-24","2012-01-31","2014-01-31","35.0","Y","Y","Y","SINGLE PRICE","13:00","12:00","12250000000.0","12250000000","12250000000","3","0.001","2","100","100","100","100","57501000000.0","","N","2145000000.0",NA,"Y","AH-2014","0.250",NA,"2012-07-31","1.250","SEMI-ANNUAL","Y","100","912820ZU4","","","N","","N","","N","","N",NA,NA,"","","","","","2012-01-31","","","","A_20120119_3.pdf","","","0.0","5000000.0","","N","","97710000000","20479120000","16711000000","2876745600","16584800000","11447652000","131005800000","34803517600","196678200","658621200","658621200","0","0","131861099400","35658817000","3.75","13:01","5","38.96","","","","0.179","0.250","0.242",NA,NA,NA,"","100.000000","","","117513200","","","",NA,NA,"R_20120124_2.pdf","N","0.0"
"2-YEAR","0-MONTH","NOTE","912828RW2","2011-12-15","2011-12-19","2012-01-03","2013-12-31","35.0","Y","Y","Y","SINGLE PRICE","13:00","12:00","12250000000.0","12250000000","12250000000","3","0.001","2","100","100","100","100","58234000000.0","","N","3206000000.0",NA,"Y","AT-2013","0.125",NA,"2012-06-30","0.625","SEMI-ANNUAL","Y","100","912820ZQ3","","","N","","Y","2011-12-31","N","","N",NA,NA,"","","","","0.01030","2011-12-31","","","","A_20111215_2.pdf","","","0.0","5000000.0","","N","","88548000000","22175420000","18435000000","5118137600","13608170000","7541170000","120591170000","34834727600","165281400","1133425000","1133425000","0","0","121889876400","36133434000","3.45","13:01","5","91.24","","","","0.166","0.240","0.229",NA,NA,NA,"","99.771630","","","94628100","","","",NA,NA,"R_20111219_3.pdf","N","0.0"
"2-YEAR","0-MONTH","NOTE","912828RS1","2011-11-17","2011-11-21","2011-11-30","2013-11-30","35.0","Y","Y","Y","SINGLE PRICE","13:00","12:00","12250000000.0","12250000000","12250000000","3","0.001","2","100","100","100","100","57374000000.0","","N","4984000000.0",NA,"Y","AS-2013","0.250",NA,"2012-05-31","1.250","SEMI-ANNUAL","Y","100","912820ZJ9","","","N","","N","","N","","N",NA,NA,"","","","","","2011-11-30","","","","A_20111117_4.pdf","","","0.0","5000000.0","","N","","94417000000","16203440000","22686000000","3913800000","25214500000","14709820000","142317500000","34827060000","173183200","1585824100","1585824100","0","0","144076507300","36586067300","4.07","13:01","5","8.48","","","","0.206","0.280","0.250",NA,NA,NA,"","99.940209","","","112082200","","","",NA,NA,"R_20111121_3.pdf","N","0.0"
"2-YEAR","0-MONTH","NOTE","912828RN2","2011-10-20","2011-10-25","2011-10-31","2013-10-31","35.0","Y","Y","Y","SINGLE PRICE","13:00","12:00","12250000000.0","12250000000","12250000000","3","0.001","2","100","100","100","100","57236000000.0","","N","4030000000.0",NA,"Y","AR-2013","0.250",NA,"2012-04-30","1.250","SEMI-ANNUAL","Y","100","912820ZF7","","","N","","N","","N","","N",NA,NA,"","","","","","2011-10-31","","","","A_20111020_5.pdf","","","0.0","5000000.0","","N","","92065000000","18295080000","13798000000","2855480000","21359000000","13651000000","127222000000","34801560000","198445900","1330744800","1330744800","0","0","128751190700","36330750700","3.64","13:01","5","10.48","","","","0.210","0.281","0.265",NA,NA,NA,"","99.938217","","","105070600","","","",NA,NA,"R_20111025_2.pdf","N","0.0"
"2-YEAR","0-MONTH","NOTE","912828RK8","2011-09-22","2011-09-27","2011-09-30","2013-09-30","35.0","Y","Y","Y","SINGLE PRICE","13:00","12:00","12250000000.0","12250000000","12250000000","3","0.001","2","100","100","100","100","57837000000.0","","N","3425000000.0",NA,"Y","AQ-2013","0.125",NA,"2012-03-31","0.625","SEMI-ANNUAL","Y","100","912820ZA8","","","N","","N","","N","","N",NA,NA,"","","","","","2011-09-30","","","","A_20110922_3.pdf","","","0.0","5000000.0","","N","","95724000000","17776950000","16653000000","4231587500","19158300000","12787062500","131535300000","34795600000","204508200","1089663100","1089663100","0","0","132829471300","36089771300","3.76","13:01","5","19.45","","","","0.171","0.249","0.225",NA,NA,NA,"","99.752770","","","130140200","","","",NA,NA,"R_20110927_2.pdf","N","0.0"
"2-YEAR","0-MONTH","NOTE","912828RD4","2011-08-18","2011-08-23","2011-08-31","2013-08-31","35.0","Y","Y","Y","SINGLE PRICE","13:00","12:00","12250000000.0","12250000000","12250000000","3","0.001","2","100","100","100","100","57367000000.0","","N","3395000000.0",NA,"Y","AP-2013","0.125",NA,"2012-02-29","0.625","SEMI-ANNUAL","Y","100","912820YV3","","","N","","N","","N","","N",NA,NA,"","","","","","2011-08-31","","","","A_20110818_2.pdf","","","0.0","5000000.0","","N","","87379500000","18287395000","16386000000","5535935000","16562000000","11029000000","120327500000","34852330000","147747900","1070488700","1070488700","0","0","121545736600","36070566600","3.44","13:01","5","73.87","","","","0.147","0.222","0.209",NA,NA,NA,"","99.806537","","","82751600","","","",NA,NA,"R_20110823_3.pdf","N","0.0"
"2-YEAR","0-MONTH","NOTE","912828QW3","2011-07-21","2011-07-26","2011-08-01","2013-07-31","35.0","Y","Y","Y","SINGLE PRICE","13:00","12:00","12250000000.0","12250000000","12250000000","3","0.001","2","100","100","100","100","56934000000.0","","N","2948000000.0",NA,"Y","AN-2013","0.375",NA,"2012-01-31","1.875","SEMI-ANNUAL","Y","100","912820YS0","","","N","","Y","2011-07-31","N","","N",NA,NA,"","","","","0.01019","2011-07-31","","","","A_20110721_4.pdf","","","0.0","5000000.0","","N","","77139000000","18237120000","16092000000","6984890000","16545400000","9648400000","109776400000","34870410000","129633500","1042194000","1042194000","0","0","110948227500","36042237500","3.14","13:01","5","27.89","","","","0.326","0.417","0.395",NA,NA,NA,"","99.916547","","","79386200","","","",NA,NA,"R_20110726_3.pdf","N","0.0"
"2-YEAR","0-MONTH","NOTE","912828RA0","2011-06-23","2011-06-27","2011-06-30","2013-06-30","35.0","Y","Y","Y","SINGLE PRICE","13:00","12:00","12250000000.0","12250000000","12250000000","3","0.001","2","100","100","100","100","55249000000.0","","N","3413000000.0",NA,"Y","AM-2013","0.375",NA,"2011-12-31","1.875","SEMI-ANNUAL","Y","100","912820YK7","","","N","","N","","N","","N",NA,NA,"","","","","","2011-06-30","","","","A_20110623_4.pdf","","","0.0","5000000.0","","N","","80138000000","22468375000","16526000000","4714467500","11017610000","7668470000","107681610000","34851312500","148851100","1126806400","1126806400","0","0","108957267500","36126970000","3.08","13:01","5","50.43","","","","0.290","0.395","0.359",NA,NA,NA,"","99.960197","","","78202100","","","",NA,NA,"R_20110627_3.pdf","N","0.0"
"2-YEAR","0-MONTH","NOTE","912828QZ6","2011-05-19","2011-05-24","2011-05-31","2013-05-31","35.0","Y","Y","Y","SINGLE PRICE","13:00","12:00","12250000000.0","12250000000","12250000000","3","0.001","2","100","100","100","100","49172000000.0","","N","9259000000.0",NA,"Y","AL-2013","0.500",NA,"2011-11-30","2.500","SEMI-ANNUAL","Y","100","912820YH4","","","N","","N","","N","","N",NA,NA,"","","","","","2011-05-31","","","","A_20110519_3.pdf","","","0.0","5000000.0","","N","","83438000000","17274550000","20709000000","6672700000","16906610000","10904061000","121053610000","34851311000","148731300","2945904300","2945904300","0","0","124148245600","37945946600","3.46","13:01","5","89.70","","","","0.470","0.560","0.540",NA,NA,NA,"","99.880835","","","60213000","","","",NA,NA,"R_20110524_2.pdf","N","0.0"
"2-YEAR","0-MONTH","NOTE","912828QE3","2011-04-21","2011-04-26","2011-05-02","2013-04-30","35.0","Y","Y","Y","SINGLE PRICE","13:00","12:00","12250000000.0","12250000000","12250000000","3","0.001","2","100","100","100","100","52642000000.0","","N","6246000000.0",NA,"Y","AK-2013","0.625",NA,"2011-10-31","3.125","SEMI-ANNUAL","Y","100","912820YB7","","","N","","Y","2011-04-30","N","","N",NA,NA,"","","","","0.03397","2011-04-30","","","","A_20110421_3.pdf","","","0.0","5000000.0","","N","","72855700000","16921432000","12972000000","4635895000","20836650000","13132038300","106664350000","34689365300","310702000","2208217500","2208217500","0","0","109183269500","37208284800","3.06","13:01","5","79.79","","","","0.577","0.673","0.640",NA,NA,NA,"","99.905047","","","248390000","","","",NA,NA,"R_20110426_2.pdf","Y","230000000.0"
"2-YEAR","0-MONTH","NOTE","912828QL7","2011-03-24","2011-03-28","2011-03-31","2013-03-31","35.0","Y","Y","Y","SINGLE PRICE","13:00","12:00","12250000000.0","12250000000","12250000000","3","0.001","2","100","100","100","100","54462000000.0","","N","4933000000.0",NA,"Y","AJ-2013","0.750",NA,"2011-09-30","3.750","SEMI-ANNUAL","Y","100","912820XX0","","","N","","N","","N","","N",NA,NA,"","","","","","2011-03-31","","","","A_20110324_5.pdf","","","0.0","5000000.0","","N","","75605000000","18593500000","18129000000","4608250000","16617770000","11411020000","110351770000","34612770000","387286900","1569586100","1569586100","0","0","112308643000","36569643000","3.16","13:01","5","9.50","","","","0.686","0.789","0.750",NA,NA,NA,"","99.922763","","","315126900","","","",NA,NA,"R_20110328_3.pdf","Y","288000000.0"
"2-YEAR","0-MONTH","NOTE","912828QK9","2011-02-17","2011-02-22","2011-02-28","2013-02-28","35.0","Y","Y","Y","SINGLE PRICE","13:00","12:00","12250000000.0","12250000000","12250000000","3","0.001","2","100","100","100","100","53712000000.0","","N","5933000000.0",NA,"Y","AH-2013","0.625",NA,"2011-08-31","3.125","SEMI-ANNUAL","Y","100","912820XT9","","","N","","N","","N","","N",NA,NA,"","","","","","2011-02-28","","","","A_20110217_5.pdf","","","0.0","5000000.0","","N","","75169000000","21427480000","11331000000","2361000000","19351000000","10858240000","105851000000","34646720000","323316000","1922635800","1922635800","30000000","30000000","108126951800","36922671800","3.03","13:01","5","50.16","","","","0.650","0.745","0.714",NA,NA,NA,"","99.762218","","","247875000","","","",NA,NA,"R_20110222_3.pdf","Y","216000000.0"
"2-YEAR","0-MONTH","NOTE","912828PR5","2011-01-20","2011-01-25","2011-01-31","2013-01-31","35.0","Y","Y","Y","SINGLE PRICE","13:00","12:00","12250000000.0","12250000000","12250000000","3","0.001","2","100","100","100","100","39466000000.0","","N","2232000000.0",NA,"Y","AG-2013","0.625",NA,"2011-07-31","3.125","SEMI-ANNUAL","Y","100","912820XM4","","","N","","N","","N","","N",NA,NA,"","","","","","2011-01-31","","","","A_20110120_1.pdf","","","0.0","5000000.0","","N","","81863000000","20168464000","17094000000","5166900000","22098000000","9358500000","121055000000","34693864000","306286200","697435800","697435800","0","0","122058722000","35697586000","3.47","13:01","5","26.64","","","","0.530","0.650","0.621",NA,NA,NA,"","99.950404","","","246807200","","","",NA,NA,"R_20110125_2.pdf","Y","210000000.0"
"2-YEAR","0-MONTH","NOTE","912828PW4","2010-12-23","2010-12-27","2010-12-31","2012-12-31","35.0","Y","Y","Y","SINGLE PRICE","13:00","12:00","12250000000.0","12250000000","12250000000","3","0.001","2","100","100","100","100","35815000000.0","","N","4962000000.0",NA,"Y","AT-2012","0.625",NA,"2011-06-30","3.125","SEMI-ANNUAL","Y","100","912820XH5","","","N","","N","","N","","N",NA,NA,"","","","","","2010-12-31","","","","A_20101223_2.pdf","","","0.0","5000000.0","","N","","85452000000","19995575000","19108000000","6892355000","25037605000","7839730000","129597605000","34727660000","272505500","1754353400","1754353400","0","0","131624463900","36754518900","3.71","","5","68.25","","","","0.650","0.740","0.720",NA,NA,NA,"","99.772112","","","221776500","","","",NA,NA,"R_20101227_3.pdf","Y","208000000.0"
"2-YEAR","0-MONTH","NOTE","912828PV6","2010-11-18","2010-11-22","2010-11-30","2012-11-30","35.0","Y","Y","Y","SINGLE PRICE","13:00","12:00","12250000000.0","12250000000","12250000000","3","0.001","2","100","100","100","100","34619000000.0","","N","3901000000.0",NA,"Y","AS-2012","0.500",NA,"2011-05-31","2.500","SEMI-ANNUAL","Y","100","912820XD4","","","N","","N","","N","","N",NA,NA,"","","","","","2010-11-30","","","","A_20101118_5.pdf","","","0.0","5000000.0","","N","","88020000000","16431180000","17903000000","4993535000","23277150000","13278092000","129200150000","34702807000","297391000","1379124800","1379124800","0","0","130876665800","36379322800","3.70","13:01","5","2.46","","","","0.443","0.520","0.500",NA,NA,NA,"","99.960259","","","244787000","","","",NA,NA,"R_20101122_3.pdf","Y","210000000.0"
"2-YEAR","0-MONTH","NOTE","912828PD6","2010-10-21","2010-10-26","2010-11-01","2012-10-31","35.0","Y","Y","Y","SINGLE PRICE","13:00","12:00","12250000000.0","12250000000","12250000000","3","0.001","2","100","100","100","100","33478000000.0","","N","2029000000.0",NA,"Y","AR-2012","0.375",NA,"2011-04-30","1.875","SEMI-ANNUAL","Y","100","912820WX1","","","N","","Y","2010-10-31","N","","N",NA,NA,"","","","","0.01036","2010-10-31","","","","A_20101021_3.pdf","","","0.0","5000000.0","","N","","80942000000","15293675000","16739000000","5513300000","22208500000","13862550000","119889500000","34669525000","330523400","717474600","717474600","0","0","120937498000","35717523000","3.43","13:01","5","38.30","","","","0.310","0.400","0.375",NA,NA,NA,"","99.950315","","","268922400","","","",NA,NA,"R_20101026_2.pdf","Y","246000000.0"
"2-YEAR","0-MONTH","NOTE","912828NX4","2010-09-23","2010-09-27","2010-09-30","2012-09-30","36.0","Y","Y","Y","SINGLE PRICE","13:00","12:00","12600000000.0","12600000000","12600000000","3","0.001","2","100","100","100","100","33998000000.0","","N","3150000000.0",NA,"Y","AQ-2012","0.375",NA,"2011-03-31","1.875","SEMI-ANNUAL","Y","100","912820WS2","","","N","","N","","N","","N",NA,NA,"","","","","","2010-09-30","","","","A_20100923_2.pdf","","","0.0","5000000.0","","N","","96728000000","17851500000","14486300000","3834000000","24603000000","13884925000","135817300000","35570425000","419674800","1134162700","1134162700","10000000","10000000","137381137500","37134262500","3.78","13:01","5","25.35","","","","0.350","0.441","0.418",NA,NA,NA,"","99.868724","","","340886800","","","",NA,NA,"R_20100927_3.pdf","Y","315000000.0"
"2-YEAR","0-MONTH","NOTE","912828PH7","2010-08-19","2010-08-24","2010-08-31","2012-08-31","37.0","Y","Y","Y","SINGLE PRICE","13:00","12:00","12950000000.0","12950000000","12950000000","3","0.001","2","100","100","100","100","31984000000.0","","N","2669000000.0",NA,"Y","AP-2012","0.375",NA,"2011-02-28","1.875","SEMI-ANNUAL","Y","100","912820WN3","","","N","","N","","N","","N",NA,NA,"","","","","","2010-08-31","","","","A_20100819_2.pdf","","","0.0","5000000.0","","N","","84626000000","21445130000","13410000000","4411847500","17055500000","10687475000","115091500000","36544452500","455620700","905909600","905909600","0","0","116453030300","37905982800","3.12","13:01","5","95.59","","","","0.396","0.498","0.480",NA,NA,NA,"","99.755524","","","357790500","","","",NA,NA,"R_20100824_3.pdf","Y","299000000.0"
"2-YEAR","0-MONTH","NOTE","912828NQ9","2010-07-22","2010-07-27","2010-08-02","2012-07-31","38.0","Y","Y","Y","SINGLE PRICE","13:00","12:00","13300000000.0","13300000000","13300000000","3","0.001","2","100","100","100","100","31006000000.0","","N","3415000000.0",NA,"Y","AN-2012","0.625",NA,"2011-01-31","3.125","SEMI-ANNUAL","Y","100","912820WK9","","","N","","Y","2010-07-31","N","","N",NA,NA,"","","","","0.03397","2010-07-31","","","","A_20100722_1.pdf","","","0.0","5000000.0","","N","","90565000000","20121012500","16800500000","5055000000","18579100000","12301667500","125944600000","37477680000","522435700","1247784500","1247784500","0","0","127714820200","39247900200","3.33","13:01","5","88.09","","","","0.570","0.665","0.639",NA,NA,NA,"","99.920863","","","423014700","","","",NA,NA,"R_20100727_3.pdf","Y","381000000.0"
"2-YEAR","0-MONTH","NOTE","912828NS5","2010-06-17","2010-06-22","2010-06-30","2012-06-30","40.0","Y","Y","Y","SINGLE PRICE","13:00","12:00","14000000000.0","14000000000","14000000000","3","0.001","2","100","100","100","100","30003000000.0","","N","3216000000.0",NA,"Y","AM-2012","0.625",NA,"2010-12-31","3.125","SEMI-ANNUAL","Y","100","912820WE3","","","N","","N","","N","","N",NA,NA,"","","","","","2010-06-30","","","","A_20100617_2.pdf","","","0.0","5000000.0","","N","","88936000000","14748340000","20782000000","8427620000","27998600000","16391600000","137716600000","39567560000","432579900","1157955700","1157955700","0","0","139307135600","41158095600","3.45","13:01","5","70.18","","","","0.647","0.738","0.720",NA,NA,NA,"","99.776070","","","352419900","","","",NA,NA,"R_20100622_2.pdf","Y","296000000.0"
"2-YEAR","0-MONTH","NOTE","912828NE6","2010-05-20","2010-05-25","2010-06-01","2012-05-31","42.0","Y","Y","Y","SINGLE PRICE","13:00","12:00","14700000000.0","14700000000","14700000000","3","0.001","2","100","100","100","100","29952000000.0","","N","2455000000.0",NA,"Y","AL-2012","0.750",NA,"2010-11-30","3.750","SEMI-ANNUAL","Y","100","912820VY0","","","N","","Y","2010-05-31","N","","N",NA,NA,"","","","","0.02049","2010-05-31","","","","A_20100520_1.pdf","","","0.0","5000000.0","","N","","87502500000","20178610000","15752000000","6300030000","19277500000","15037085000","122532000000","41515725000","484409600","912662600","912662600","0","0","123929072200","42912797200","2.93","13:01","5","91.01","","","","0.660","0.769","0.730",NA,NA,NA,"","99.962406","","","372134600","","","",NA,NA,"R_20100525_2.pdf","Y","320000000.0"
"2-YEAR","0-MONTH","NOTE","912828NB2","2010-04-22","2010-04-27","2010-04-30","2012-04-30","44.0","Y","Y","Y","SINGLE PRICE","13:00","12:00","15400000000.0","15400000000","15400000000","3","0.001","2","100","100","100","100","30000000000.0","","N","2752000000.0",NA,"Y","AK-2012","1.000",NA,"2010-10-31","5.000","SEMI-ANNUAL","Y","100","912820VT1","","","N","","N","","N","","N",NA,NA,"","","","","","2010-04-30","","","","A_20100422_4.pdf","","","0.0","5000000.0","","N","","93473000000","20704660000","19247000000","9315000000","19941500000","13511625000","132661500000","43531285000","468743700","938604100","938604100","0","0","134068847800","44938632800","3.03","13:01","5","63.61","","","","0.910","1.024","0.980",NA,NA,NA,"","99.952608","","","345821700","","","",NA,NA,"R_20100427_2.pdf","Y","297000000.0"
"2-YEAR","0-MONTH","NOTE","912828MU1","2010-03-18","2010-03-23","2010-03-31","2012-03-31","44.0","Y","Y","Y","SINGLE PRICE","13:00","12:00","15400000000.0","15400000000","15400000000","3","0.001","2","100","100","100","100","28000000000.0","","N","3992000000.0",NA,"Y","AJ-2012","1.000",NA,"2010-09-30","5.000","SEMI-ANNUAL","Y","100","912820VN4","","","N","","N","","N","","N",NA,NA,"","","","","","2010-03-31","","","","A_20100318_4.pdf","","","0.0","5000000.0","","N","","92660000000","22374000000","16129000000","6007064000","22855400000","15136368000","131644400000","43517432000","457708900","1488393700","1488393700","25000000","25000000","133615502600","45488534600","3.00","13:01","5","56.32","","","","0.891","1.000","0.960",NA,NA,NA,"","100.000000","","","347860900","","","",NA,NA,"R_20100323_2.pdf","Y","292000000.0"
"2-YEAR","0-MONTH","NOTE","912828MQ0","2010-02-18","2010-02-23","2010-03-01","2012-02-29","44.0","Y","Y","Y","SINGLE PRICE","13:00","12:00","15400000000.0","15400000000","15400000000","3","0.001","2","100","100","100","100","26000000000.0","","N","2900000000.0",NA,"Y","AH-2012","0.875",NA,"2010-08-31","4.375","SEMI-ANNUAL","Y","100","912820VL8","","","N","","Y","2010-02-28","N","","N",NA,NA,"","","","","0.02378","2010-02-28","","","","A_20100218_1.pdf","","","0.0","5000000.0","","N","","96000000000","16654832500","14289000000","3572000000","35841000000","23332000000","146130000000","43558832500","391172800","1081378100","1081378100","50000000","50000000","147652550900","45081383400","3.33","13:01","5","14.79","","","","0.800","0.895","0.865",NA,NA,NA,"","99.960486","","","316788800","","","",NA,NA,"R_20100223_2.pdf","Y","271000000.0"
"2-YEAR","0-MONTH","NOTE","912828MJ6","2010-01-21","2010-01-26","2010-02-01","2012-01-31","44.0","Y","Y","Y","SINGLE PRICE","13:00","12:00","15400000000.0","15400000000","15400000000","3","0.001","2","100","100","100","100","24997000000.0","","N","1923000000.0",NA,"Y","AG-2012","0.875",NA,"2010-07-31","4.375","SEMI-ANNUAL","Y","100","912820VD6","","","N","","Y","2010-01-31","N","","N",NA,NA,"","","","","0.02417","2010-01-31","","","","A_20100121_3.pdf","","","0.0","5000000.0","","N","","94501000000","20057085000","10496000000","4685395000","32042000000","18751975000","137039000000","43494455000","455599800","716982800","716982800","50000000","50000000","138261582600","44717037600","3.13","13:01","5","88.79","","","","0.738","0.880","0.838",NA,NA,NA,"","99.990112","","","353624800","","","",NA,NA,"R_20100126_2.pdf","Y","314000000.0"
